Well_ID,Database,Year,Result,Latitude,Longitude
CDPH1000134,CDPH,1988,182.4,36.81,-119.79
CDPH1000134,CDPH,1988,211,36.81,-119.79
CDPH1000140,CDPH,1988,216.32,36.76,-119.78
CDPH1000140,CDPH,1988,201,36.76,-119.78
CDPH1000143,CDPH,1988,177.92,36.81,-119.85
CDPH1000143,CDPH,1988,193,36.81,-119.85
CDPH1000145,CDPH,1988,145.92,36.78,-119.8
CDPH1000145,CDPH,1988,167,36.78,-119.8
CDPH1000147,CDPH,1988,258.56,36.71,-119.76
CDPH1000147,CDPH,1988,272,36.71,-119.76
CDPH1000148,CDPH,1988,158.72,36.81,-119.86
CDPH1000148,CDPH,1988,185,36.81,-119.86
CDPH1000148,CDPH,1988,184.32,36.81,-119.86
CDPH1000148,CDPH,1988,216,36.81,-119.86
CDPH1000151,CDPH,1988,163.2,36.76,-119.84
CDPH1000151,CDPH,1988,186,36.76,-119.84
CDPH1000153,CDPH,1988,131.84,36.76,-119.78
CDPH1000153,CDPH,1988,169,36.76,-119.78
CDPH1000154,CDPH,1988,98.56,36.8,-119.76
CDPH1000154,CDPH,1988,138,36.8,-119.76
CDPH1000159,CDPH,1988,145.92,36.79,-119.83
CDPH1000159,CDPH,1988,163,36.79,-119.83
CDPH1000161,CDPH,1988,122.88,36.8,-119.75
CDPH1000161,CDPH,1988,162,36.8,-119.75
CDPH1000166,CDPH,1988,152.96,36.8,-119.75
CDPH1000166,CDPH,1988,188,36.8,-119.75
CDPH1000167,CDPH,1988,188.8,36.81,-119.88
CDPH1000167,CDPH,1988,205,36.81,-119.88
CDPH1000211,CDPH,1988,96,36.56,-119.62
CDPH1000211,CDPH,1988,99,36.56,-119.62
CDPH1000282,CDPH,1988,358.4,35.35,-118.98
CDPH1000282,CDPH,1988,333,35.35,-118.98
CDPH1000321,CDPH,1988,153.6,35.6,-119.33
CDPH1000321,CDPH,1988,165,35.6,-119.33
CDPH1000749,CDPH,1988,335.36,36.3,-119.15
CDPH1000749,CDPH,1988,336,36.3,-119.15
CDPH1000789,CDPH,1988,105.6,36.33,-119.28
CDPH1000789,CDPH,1988,108,36.33,-119.28
CDPH1005474,CDPH,1988,172.16,36.83,-119.81
CDPH1005474,CDPH,1988,203,36.83,-119.81
CDPH1005481,CDPH,1988,311.68,36.73,-119.78
CDPH1005481,CDPH,1988,309,36.73,-119.78
CDPH1005482,CDPH,1988,163.84,36.8,-119.78
CDPH1005482,CDPH,1988,182,36.8,-119.78
CDPH1005483,CDPH,1988,248.32,36.73,-119.8
CDPH1005483,CDPH,1988,259,36.73,-119.8
CDPH1005485,CDPH,1988,250.88,36.76,-119.8
CDPH1005485,CDPH,1988,274,36.76,-119.8
CDPH1005488,CDPH,1988,190.72,36.78,-119.91
CDPH1005488,CDPH,1988,195,36.78,-119.91
CDPH1005490,CDPH,1988,281.6,36.75,-119.75
CDPH1005490,CDPH,1988,281,36.75,-119.75
CDPH1005492,CDPH,1988,296.96,36.75,-119.78
CDPH1005492,CDPH,1988,272,36.75,-119.78
CDPH1005495,CDPH,1988,265.6,36.73,-119.81
CDPH1005495,CDPH,1988,281,36.73,-119.81
CDPH1005498,CDPH,1988,251.52,36.76,-119.76
CDPH1005498,CDPH,1988,260,36.76,-119.76
CDPH1005500,CDPH,1988,153.6,36.8,-119.78
CDPH1005500,CDPH,1988,157,36.8,-119.78
CDPH1005503,CDPH,1988,155.52,36.7,-119.78
CDPH1005503,CDPH,1988,182,36.7,-119.78
CDPH1005504,CDPH,1988,172.16,36.8,-119.76
CDPH1005504,CDPH,1988,188,36.8,-119.76
CDPH1005506,CDPH,1988,170.24,36.8,-119.81
CDPH1005506,CDPH,1988,199,36.8,-119.81
CDPH1005509,CDPH,1988,251.52,36.76,-119.73
CDPH1005509,CDPH,1988,267,36.76,-119.73
CDPH1005511,CDPH,1988,213.12,36.81,-119.76
CDPH1005511,CDPH,1988,226,36.81,-119.76
CDPH1005514,CDPH,1988,180.48,36.83,-119.78
CDPH1005514,CDPH,1988,190,36.83,-119.78
CDPH1005516,CDPH,1988,194.56,36.73,-119.71
CDPH1005516,CDPH,1988,203,36.73,-119.71
CDPH1005519,CDPH,1988,227.84,36.83,-119.75
CDPH1005519,CDPH,1988,236,36.83,-119.75
CDPH1005523,CDPH,1988,1.728,36.84,-119.77
CDPH1005523,CDPH,1988,154,36.84,-119.77
CDPH1005531,CDPH,1988,129.28,36.81,-119.88
CDPH1005531,CDPH,1988,161,36.81,-119.88
CDPH1005532,CDPH,1988,312.32,36.71,-119.74
CDPH1005532,CDPH,1988,331,36.71,-119.74
CDPH1005626,CDPH,1988,462.08,36.51,-119.55
CDPH1005626,CDPH,1988,412,36.51,-119.55
CDPH1005627,CDPH,1988,133.76,36.52,-119.55
CDPH1005627,CDPH,1988,148,36.52,-119.55
CDPH1005638,CDPH,1988,262.4,36.56,-119.6
CDPH1005638,CDPH,1988,241,36.56,-119.6
CDPH1005639,CDPH,1988,160,36.56,-119.61
CDPH1005639,CDPH,1988,157,36.56,-119.61
CDPH1005640,CDPH,1988,134.4,36.58,-119.6
CDPH1005640,CDPH,1988,125,36.58,-119.6
CDPH1005776,CDPH,1988,307.2,35.33,-118.9
CDPH1005776,CDPH,1988,295,35.33,-118.9
CDPH1005795,CDPH,1988,294.4,35.23,-118.84
CDPH1005795,CDPH,1988,270,35.23,-118.84
CDPH1005906,CDPH,1988,339.2,35.26,-119.02
CDPH1005906,CDPH,1988,370,35.26,-119.02
CDPH1005936,CDPH,1988,192,35.4,-119.04
CDPH1005936,CDPH,1988,195,35.4,-119.04
CDPH1006101,CDPH,1988,140.8,35.33,-119.01
CDPH1006101,CDPH,1988,141,35.33,-119.01
CDPH1006102,CDPH,1988,147.2,35.36,-119.03
CDPH1006102,CDPH,1988,142,35.36,-119.03
CDPH1006103,CDPH,1988,499.2,35.36,-119.01
CDPH1006103,CDPH,1988,429,35.36,-119.01
CDPH1006104,CDPH,1988,204.8,35.38,-119
CDPH1006104,CDPH,1988,195,35.38,-119
CDPH1006105,CDPH,1988,230.4,35.33,-119.01
CDPH1006105,CDPH,1988,225,35.33,-119.01
CDPH1006106,CDPH,1988,1126.4,35.4,-118.98
CDPH1006106,CDPH,1988,1160,35.4,-118.98
CDPH1006107,CDPH,1988,371.2,35.36,-119
CDPH1006107,CDPH,1988,364,35.36,-119
CDPH1006108,CDPH,1988,227.2,35.31,-119.01
CDPH1006108,CDPH,1988,229,35.31,-119.01
CDPH1006109,CDPH,1988,300.8,35.35,-119
CDPH1006109,CDPH,1988,288,35.35,-119
CDPH1006110,CDPH,1988,192,35.35,-119.03
CDPH1006110,CDPH,1988,203,35.35,-119.03
CDPH1006111,CDPH,1988,140.8,35.35,-119.05
CDPH1006111,CDPH,1988,164,35.35,-119.05
CDPH1006112,CDPH,1988,390.4,35.4,-118.96
CDPH1006112,CDPH,1988,370,35.4,-118.96
CDPH1006113,CDPH,1988,313.6,35.33,-119.03
CDPH1006113,CDPH,1988,314,35.33,-119.03
CDPH1006114,CDPH,1988,300.8,35.33,-119.03
CDPH1006114,CDPH,1988,300,35.33,-119.03
CDPH1006117,CDPH,1988,172.8,35.38,-119.01
CDPH1006117,CDPH,1988,179,35.38,-119.01
CDPH1006119,CDPH,1988,137.6,35.33,-118.98
CDPH1006119,CDPH,1988,131,35.33,-118.98
CDPH1006120,CDPH,1988,192,35.38,-119.01
CDPH1006120,CDPH,1988,180,35.38,-119.01
CDPH1006122,CDPH,1988,230.4,35.31,-119.01
CDPH1006122,CDPH,1988,216,35.31,-119.01
CDPH1006123,CDPH,1988,214.4,35.35,-119.05
CDPH1006123,CDPH,1988,197,35.35,-119.05
CDPH1006125,CDPH,1988,256,35.35,-118.98
CDPH1006125,CDPH,1988,238,35.35,-118.98
CDPH1006126,CDPH,1988,240,35.35,-119.01
CDPH1006126,CDPH,1988,230,35.35,-119.01
CDPH1006206,CDPH,1988,153.6,35.6,-119.33
CDPH1006206,CDPH,1988,160,35.6,-119.33
CDPH1006207,CDPH,1988,166.4,35.58,-119.33
CDPH1006207,CDPH,1988,175,35.58,-119.33
CDPH1006269,CDPH,1988,224,35.36,-119.06
CDPH1006269,CDPH,1988,204,35.36,-119.06
CDPH1006307,CDPH,1988,505.6,35.11,-118.98
CDPH1006307,CDPH,1988,454.7,35.11,-118.98
CDPH1009360,CDPH,1988,734.72,36.29,-119.13
CDPH1009360,CDPH,1988,684,36.29,-119.13
CDPH1009379,CDPH,1988,199.68,36.06,-119.01
CDPH1009379,CDPH,1988,144,36.06,-119.01
CDPH1009384,CDPH,1988,238.08,36.06,-119.01
CDPH1009384,CDPH,1988,216,36.06,-119.01
CDPH1009391,CDPH,1988,379.52,36.06,-119.06
CDPH1009391,CDPH,1988,304,36.06,-119.06
CDPH1009392,CDPH,1988,448,36.07,-119.06
CDPH1009392,CDPH,1988,392,36.07,-119.06
CDPH1009393,CDPH,1988,257.28,36.07,-119.04
CDPH1009393,CDPH,1988,208,36.07,-119.04
CDPH1009394,CDPH,1988,197.76,36.07,-119.06
CDPH1009394,CDPH,1988,168,36.07,-119.06
CDPH1009430,CDPH,1988,185.6,36.31,-119.31
CDPH1009430,CDPH,1988,173,36.31,-119.31
CDPH1009431,CDPH,1988,134.4,36.33,-119.25
CDPH1009431,CDPH,1988,130,36.33,-119.25
CDPH1009432,CDPH,1988,118.4,36.3,-119.31
CDPH1009432,CDPH,1988,117,36.3,-119.31
CDPH1009433,CDPH,1988,176,36.31,-119.33
CDPH1009433,CDPH,1988,166,36.31,-119.33
CDPH1009434,CDPH,1988,140.8,36.31,-119.31
CDPH1009434,CDPH,1988,133,36.31,-119.31
CDPH1009435,CDPH,1988,137.6,36.31,-119.3
CDPH1009435,CDPH,1988,142,36.31,-119.3
CDPH1009436,CDPH,1988,147.2,36.33,-119.26
CDPH1009436,CDPH,1988,153,36.33,-119.26
CDPH1009437,CDPH,1988,179.2,36.3,-119.31
CDPH1009437,CDPH,1988,167,36.3,-119.31
CDPH1009438,CDPH,1988,224,36.3,-119.31
CDPH1009438,CDPH,1988,252,36.3,-119.31
CDPH1009439,CDPH,1988,230.4,36.3,-119.3
CDPH1009439,CDPH,1988,222,36.3,-119.3
CDPH1009440,CDPH,1988,134.4,36.35,-119.3
CDPH1009440,CDPH,1988,139,36.35,-119.3
CDPH1009441,CDPH,1988,262.4,36.33,-119.31
CDPH1009441,CDPH,1988,252,36.33,-119.31
CDPH1009442,CDPH,1988,134.4,36.33,-119.35
CDPH1009442,CDPH,1988,125,36.33,-119.35
CDPH1009462,CDPH,1988,108.8,36.35,-119.41
CDPH1009462,CDPH,1988,112,36.35,-119.41
CDPH1009463,CDPH,1988,160,36.35,-119.41
CDPH1009463,CDPH,1988,166,36.35,-119.41
CDPH1009504,CDPH,1988,310.4,36.41,-119.08
CDPH1009504,CDPH,1988,300,36.41,-119.08
CDPH1000808,CDPH,1988,164.48,36.183805,-119.366383
CDPH1000808,CDPH,1988,190,36.183805,-119.366383
CDPH1005909,CDPH,1988,1856,35.119,-118.988
CDPH1005909,CDPH,1988,2120,35.119,-118.988
CDPH1005969,CDPH,1988,102.4,35.38,-119.186
CDPH1005969,CDPH,1988,125,35.38,-119.186
CDPH1009495,CDPH,1988,115.2,36.365,-119.226
CDPH1009495,CDPH,1988,126,36.365,-119.226
CDPH1009496,CDPH,1988,121.6,36.365,-119.226
CDPH1009496,CDPH,1988,130,36.365,-119.226
CDPH1000146,CDPH,1988,130.56,36.771,-119.82
CDPH1000146,CDPH,1988,163,36.771,-119.82
CDPH1000299,CDPH,1988,160,35.699,-119.226
CDPH1000299,CDPH,1988,155,35.699,-119.226
CDPH1001586,CDPH,1988,94.08,36.626,-119.305
CDPH1001586,CDPH,1988,130,36.626,-119.305
CDPH1001587,CDPH,1988,230.4,36.626,-119.305
CDPH1001587,CDPH,1988,240,36.626,-119.305
CDPH1001589,CDPH,1988,326.4,36.626,-119.305
CDPH1001589,CDPH,1988,340,36.626,-119.305
CDPH1001604,CDPH,1988,326.4,36.423,-119.86
CDPH1001604,CDPH,1988,301,36.423,-119.86
CDPH1001610,CDPH,1988,358.4,36.597,-120.176
CDPH1001610,CDPH,1988,336,36.597,-120.176
CDPH1001654,CDPH,1988,467.2,35.206,-118.988
CDPH1001654,CDPH,1988,465,35.206,-118.988
CDPH1001684,CDPH,1988,368,35.003,-118.909
CDPH1001684,CDPH,1988,350,35.003,-118.909
CDPH1001718,CDPH,1988,352,35.235,-119.028
CDPH1001718,CDPH,1988,360,35.235,-119.028
CDPH1001729,CDPH,1988,371.2,35.409,-118.869
CDPH1001729,CDPH,1988,355,35.409,-118.869
CDPH1001778,CDPH,1988,908.8,35.351,-118.869
CDPH1001778,CDPH,1988,985,35.351,-118.869
CDPH1001850,CDPH,1988,163.2,35.351,-119.028
CDPH1001850,CDPH,1988,156,35.351,-119.028
CDPH1001851,CDPH,1988,185.6,35.409,-118.988
CDPH1001851,CDPH,1988,177,35.409,-118.988
CDPH1001852,CDPH,1988,524.8,35.409,-118.988
CDPH1001852,CDPH,1988,513,35.409,-118.988
CDPH1001853,CDPH,1988,137.6,35.38,-118.988
CDPH1001853,CDPH,1988,132,35.38,-118.988
CDPH1001854,CDPH,1988,320,35.409,-118.988
CDPH1001854,CDPH,1988,340,35.409,-118.988
CDPH1001855,CDPH,1988,358.4,35.409,-118.988
CDPH1001855,CDPH,1988,339,35.409,-118.988
CDPH1001856,CDPH,1988,192,35.38,-119.028
CDPH1001856,CDPH,1988,202,35.38,-119.028
CDPH1001857,CDPH,1988,217.6,35.322,-119.028
CDPH1001857,CDPH,1988,197,35.322,-119.028
CDPH1001858,CDPH,1988,166.4,35.322,-119.028
CDPH1001858,CDPH,1988,161,35.322,-119.028
CDPH1001859,CDPH,1988,281.6,35.322,-119.028
CDPH1001859,CDPH,1988,273,35.322,-119.028
CDPH1001860,CDPH,1988,134.4,35.351,-119.028
CDPH1001860,CDPH,1988,136,35.351,-119.028
CDPH1001861,CDPH,1988,214.4,35.322,-119.028
CDPH1001861,CDPH,1988,195,35.322,-119.028
CDPH1001862,CDPH,1988,192,35.322,-119.028
CDPH1001862,CDPH,1988,183,35.322,-119.028
CDPH1001863,CDPH,1988,153.6,35.351,-118.988
CDPH1001863,CDPH,1988,145,35.351,-118.988
CDPH1001885,CDPH,1988,748.8,35.351,-118.948
CDPH1001885,CDPH,1988,770,35.351,-118.948
CDPH1001886,CDPH,1988,480,35.351,-118.948
CDPH1001886,CDPH,1988,470,35.351,-118.948
CDPH1001894,CDPH,1988,371.2,35.67,-119.226
CDPH1001894,CDPH,1988,370,35.67,-119.226
CDPH1001898,CDPH,1988,704,35.438,-119.067
CDPH1001898,CDPH,1988,680,35.438,-119.067
CDPH1001898,CDPH,1988,710.4,35.438,-119.067
CDPH1001898,CDPH,1988,715,35.438,-119.067
CDPH1002052,CDPH,1988,358.4,36.307,-119.622
CDPH1002052,CDPH,1988,310,36.307,-119.622
CDPH1002053,CDPH,1988,384,36.336,-119.661
CDPH1002053,CDPH,1988,330,36.336,-119.661
CDPH1002055,CDPH,1988,531.2,36.336,-119.622
CDPH1002055,CDPH,1988,460,36.336,-119.622
CDPH1004313,CDPH,1988,166.4,35.873,-119.463
CDPH1004313,CDPH,1988,175,35.873,-119.463
CDPH1004317,CDPH,1988,326.4,36.075,-119.028
CDPH1004317,CDPH,1988,300,36.075,-119.028
CDPH1004318,CDPH,1988,203.52,36.075,-119.028
CDPH1004318,CDPH,1988,192,36.075,-119.028
CDPH1004319,CDPH,1988,249.6,36.075,-119.028
CDPH1004319,CDPH,1988,220,36.075,-119.028
CDPH1004323,CDPH,1988,348.16,36.075,-119.067
CDPH1004323,CDPH,1988,272,36.075,-119.067
CDPH1004326,CDPH,1988,344.96,36.075,-119.067
CDPH1004326,CDPH,1988,312,36.075,-119.067
CDPH1004328,CDPH,1988,352.64,36.075,-119.067
CDPH1004328,CDPH,1988,312,36.075,-119.067
CDPH1004329,CDPH,1988,275.2,36.075,-119.067
CDPH1004329,CDPH,1988,240,36.075,-119.067
CDPH1004340,CDPH,1988,102.4,36.336,-119.424
CDPH1004340,CDPH,1988,110,36.336,-119.424
CDPH1004341,CDPH,1988,261.76,36.394,-119.107
CDPH1004341,CDPH,1988,232,36.394,-119.107
CDPH1004342,CDPH,1988,265.6,36.394,-119.107
CDPH1004342,CDPH,1988,220,36.394,-119.107
CDWR1000119,CDWR,1988,620.8,35.32032,-118.79622
CDWR1000119,CDWR,1988,755,35.32032,-118.79622
CDWR1000325,CDWR,1988,96,36.55993,-119.62228
CDWR1000325,CDWR,1988,99,36.55993,-119.62228
CDWR1000536,CDWR,1988,169.6,36.509,-119.59085
CDWR1000536,CDWR,1988,170,36.509,-119.59085
CDWR1000583,CDWR,1988,125,36.58162,-119.60415
CDWR1000583,CDWR,1988,134.4,36.58162,-119.60415
CDWR1000599,CDWR,1988,96,36.31832,-119.28525
CDWR1000599,CDWR,1988,107,36.31832,-119.28525
CDWR1001027,CDWR,1988,117,36.30757,-119.31176
CDWR1001027,CDWR,1988,118.4,36.30757,-119.31176
CDWR1001049,CDWR,1988,133,36.32557,-119.3251
CDWR1001049,CDWR,1988,140.8,36.32557,-119.3251
CDWR1001077,CDWR,1988,173,36.31836,-119.32059
CDWR1001077,CDWR,1988,185.6,36.31836,-119.32059
CDWR1001175,CDWR,1988,125,36.3298,-119.35201
CDWR1001175,CDWR,1988,134.4,36.3298,-119.35201
CDWR1001203,CDWR,1988,272.64,36.78092,-119.86911
CDWR1001209,CDWR,1988,227.2,36.49816,-119.59534
CDWR1001209,CDWR,1988,240,36.49816,-119.59534
CDWR1001209,CDWR,1988,230.4,36.49816,-119.59534
CDWR1001209,CDWR,1988,260,36.49816,-119.59534
CDWR1001293,CDWR,1988,252,36.33283,-119.32519
CDWR1001293,CDWR,1988,262.4,36.33283,-119.32519
CDWR1001577,CDWR,1988,124.16,36.77369,-119.85116
CDWR1001660,CDWR,1988,157,36.5671,-119.61765
CDWR1001660,CDWR,1988,160,36.5671,-119.61765
CDWR1001720,CDWR,1988,166.4,36.78097,-119.84672
CDWR1001721,CDWR,1988,128,36.78097,-119.84672
CDWR1001726,CDWR,1988,188.8,36.53077,-119.5776
CDWR1001726,CDWR,1988,220,36.53077,-119.5776
CDWR1001726,CDWR,1988,240,36.53077,-119.5776
CDWR1001726,CDWR,1988,270,36.53077,-119.5776
CDWR1001792,CDWR,1988,128.64,36.78828,-119.87827
CDWR1001871,CDWR,1988,137.6,36.3147,-119.29864
CDWR1001871,CDWR,1988,142,36.3147,-119.29864
CDWR1001988,CDWR,1988,170.88,36.76633,-119.85559
CDWR1002714,CDWR,1988,179.2,36.5162,-119.57751
CDWR1002714,CDWR,1988,220,36.5162,-119.57751
CDWR1002714,CDWR,1988,195.2,36.5162,-119.57751
CDWR1002714,CDWR,1988,210,36.5162,-119.57751
CDWR1003000,CDWR,1988,166.4,36.30735,-119.33385
CDWR1003000,CDWR,1988,167,36.30735,-119.33385
CDWR1003001,CDWR,1988,167,36.30391,-119.31174
CDWR1003001,CDWR,1988,179.2,36.30391,-119.31174
CDWR1003191,CDWR,1988,177,35.40665,-118.98311
CDWR1003191,CDWR,1988,185.6,35.40665,-118.98311
CDWR1003244,CDWR,1988,204.8,36.5055,-119.61354
CDWR1003244,CDWR,1988,210,36.5055,-119.61354
CDWR1003244,CDWR,1988,198.4,36.5055,-119.61354
CDWR1003244,CDWR,1988,250,36.5055,-119.61354
CDWR1003362,CDWR,1988,212.48,36.78461,-119.85119
CDWR1003500,CDWR,1988,230.4,36.29654,-119.29838
CDWR1003596,CDWR,1988,350.72,36.76636,-119.85112
CDWR1003814,CDWR,1988,250.24,36.78461,-119.86472
CDWR1004214,CDWR,1988,231.68,36.7809,-119.8781
CDWR1004215,CDWR,1988,289.28,36.77369,-119.85116
CDWR1004217,CDWR,1988,222.72,36.77359,-119.87804
CDWR1004324,CDWR,1988,236,36.5707,-119.61761
CDWR1004324,CDWR,1988,236.8,36.5707,-119.61761
CDWR1004613,CDWR,1988,497.28,36.77367,-119.85562
CDWR1004621,CDWR,1988,241,36.55987,-119.6132
CDWR1004621,CDWR,1988,262.4,36.55987,-119.6132
CDWR1004704,CDWR,1988,391.68,36.75898,-119.85993
CDWR1004975,CDWR,1988,224,36.30748,-119.32047
CDWR1004975,CDWR,1988,252,36.30748,-119.32047
CDWR1004999,CDWR,1988,281.6,36.50904,-119.59991
CDWR1004999,CDWR,1988,310,36.50904,-119.59991
CDWR1005261,CDWR,1988,226.56,36.75556,-119.84678
CDWR1005387,CDWR,1988,281.6,36.50904,-119.59991
CDWR1005387,CDWR,1988,290,36.50904,-119.59991
CDWR1005523,CDWR,1988,234.88,36.77361,-119.86906
CDWR1005576,CDWR,1988,448,36.51988,-119.59541
CDWR1005576,CDWR,1988,490,36.51988,-119.59541
CDWR1005576,CDWR,1988,393.6,36.51988,-119.59541
CDWR1005576,CDWR,1988,400,36.51988,-119.59541
CDWR1005710,CDWR,1988,241.92,36.77724,-119.87356
CDWR1006085,CDWR,1988,337.28,36.76635,-119.86007
CDWR1006091,CDWR,1988,372.48,36.58364,-120.1132
CDWR1006091,CDWR,1988,382,36.58364,-120.1132
CDWR1006259,CDWR,1988,410.88,36.78096,-119.85567
CDWR1006260,CDWR,1988,262.4,36.77724,-119.87356
CDWR1006408,CDWR,1988,268.8,36.76634,-119.86905
CDWR1006471,CDWR,1988,270.08,36.77728,-119.86459
CDWR1006906,CDWR,1988,293.76,36.76633,-119.85559
CDWR1007745,CDWR,1988,364,35.36665,-119.00074
CDWR1007745,CDWR,1988,371.2,35.36665,-119.00074
CDWR1007759,CDWR,1988,401.92,36.78826,-119.86475
CDWR1007760,CDWR,1988,398.72,36.77364,-119.86009
CDWR1008076,CDWR,1988,341.12,36.78461,-119.8557
CDWR1008156,CDWR,1988,345.6,36.77363,-119.86457
CDWR1008244,CDWR,1988,350.08,36.77001,-119.8556
CDWR1008556,CDWR,1988,554.24,36.64562,-120.05013
CDWR1008556,CDWR,1988,582,36.64562,-120.05013
CDWR1008785,CDWR,1988,364,36.50378,-120.00147
CDWR1008785,CDWR,1988,379.52,36.50378,-120.00147
CDWR1008793,CDWR,1988,380.16,36.78828,-119.87827
CDWR1008871,CDWR,1988,588.8,36.50536,-119.58633
CDWR1008871,CDWR,1988,610,36.50536,-119.58633
CDWR1008871,CDWR,1988,544,36.50536,-119.58633
CDWR1008871,CDWR,1988,570,36.50536,-119.58633
CDWR1009083,CDWR,1988,422.4,36.77369,-119.85116
CDWR1009364,CDWR,1988,471,36.56224,-120.11789
CDWR1009364,CDWR,1988,471.04,36.56224,-120.11789
CDWR1009392,CDWR,1988,460.8,36.50898,-119.58637
CDWR1009392,CDWR,1988,500,36.50898,-119.58637
CDWR1009392,CDWR,1988,460.8,36.50898,-119.58637
CDWR1009392,CDWR,1988,560,36.50898,-119.58637
CDWR1009774,CDWR,1988,444.8,36.77724,-119.87356
CDWR1010130,CDWR,1988,472.96,36.78461,-119.8557
CDWR1010141,CDWR,1988,494.08,36.7773,-119.86011
CDWR1010213,CDWR,1988,480,36.78461,-119.8557
CDWR1010508,CDWR,1988,503.04,36.76633,-119.85559
CDWR1010549,CDWR,1988,506.88,36.77369,-119.85116
CDWR1010677,CDWR,1988,519.04,36.76269,-119.86901
CDWR1010954,CDWR,1988,549.12,36.40661,-119.93899
CDWR1010954,CDWR,1988,556,36.40661,-119.93899
CDWR1011193,CDWR,1988,579.2,36.77733,-119.85118
CDWR1011224,CDWR,1988,581.76,36.78461,-119.8557
CDWR1011787,CDWR,1988,659.2,36.76635,-119.86456
CDWR1011965,CDWR,1988,691.2,35.0432,-118.98705
CDWR1011965,CDWR,1988,832,35.0432,-118.98705
CDWR1013210,CDWR,1988,837,36.64535,-120.17647
CDWR1013210,CDWR,1988,921.6,36.64535,-120.17647
CDWR1014659,CDWR,1988,1320,36.68152,-120.24028
CDWR1014659,CDWR,1988,1548.8,36.68152,-120.24028
CDWR1000072,CDWR,1988,409.6,35.3177,-118.8529
CDWR1000072,CDWR,1988,501,35.3177,-118.8529
CDWR1000080,CDWR,1988,320,35.1675,-118.8636
CDWR1000080,CDWR,1988,366,35.1675,-118.8636
CDWR1000092,CDWR,1988,480,35.2811,-118.8834
CDWR1000092,CDWR,1988,590,35.2811,-118.8834
CDWR1000118,CDWR,1988,390.4,35.3458,-118.8515
CDWR1000118,CDWR,1988,550,35.3458,-118.8515
CDWR1000149,CDWR,1988,576,35.3291,-118.9062
CDWR1000149,CDWR,1988,626,35.3291,-118.9062
CDWR1000359,CDWR,1988,115.2,36.357,-119.2426
CDWR1000359,CDWR,1988,126,36.357,-119.2426
CDWR1000360,CDWR,1988,121.6,36.357,-119.2426
CDWR1000360,CDWR,1988,130,36.357,-119.2426
CDWR1000586,CDWR,1988,130,36.3279,-119.2561
CDWR1000586,CDWR,1988,134.4,36.3279,-119.2561
CDWR1000877,CDWR,1988,105.6,36.3387,-119.2786
CDWR1000877,CDWR,1988,108,36.3387,-119.2786
CDWR1000995,CDWR,1988,134.4,35.3409,-119.0422
CDWR1000995,CDWR,1988,136,35.3409,-119.0422
CDWR1001026,CDWR,1988,134.4,36.3497,-119.2966
CDWR1001026,CDWR,1988,139,36.3497,-119.2966
CDWR1001068,CDWR,1988,132,35.3736,-118.9973
CDWR1001068,CDWR,1988,137.6,35.3736,-118.9973
CDWR1001130,CDWR,1988,370,35.3905,-118.9759
CDWR1001130,CDWR,1988,390.4,35.3905,-118.9759
CDWR1001186,CDWR,1988,351,35.3914,-118.9886
CDWR1001186,CDWR,1988,358.4,35.3914,-118.9886
CDWR1001236,CDWR,1988,142,35.3625,-119.0466
CDWR1001236,CDWR,1988,147.2,35.3625,-119.0466
CDWR1001240,CDWR,1988,183,35.3264,-119.0376
CDWR1001240,CDWR,1988,192,35.3264,-119.0376
CDWR1001241,CDWR,1988,145,35.3409,-119.0019
CDWR1001241,CDWR,1988,153.6,35.3409,-119.0019
CDWR1001439,CDWR,1988,197,35.3192,-119.0244
CDWR1001439,CDWR,1988,217.6,35.3192,-119.0244
CDWR1001501,CDWR,1988,133,35.3517,-119.1538
CDWR1001501,CDWR,1988,140.8,35.3517,-119.1538
CDWR1001545,CDWR,1988,339,35.3966,-118.9807
CDWR1001545,CDWR,1988,358.4,35.3966,-118.9807
CDWR1001608,CDWR,1988,131,35.3372,-118.9931
CDWR1001608,CDWR,1988,137.6,35.3372,-118.9931
CDWR1001775,CDWR,1988,140.8,35.3517,-119.0554
CDWR1001775,CDWR,1988,164,35.3517,-119.0554
CDWR1001824,CDWR,1988,151,35.3806,-119.0065
CDWR1001824,CDWR,1988,160,35.3806,-119.0065
CDWR1002022,CDWR,1988,192,35.3806,-119.0288
CDWR1002022,CDWR,1988,202,35.3806,-119.0288
CDWR1002031,CDWR,1988,140.8,35.3336,-119.0197
CDWR1002031,CDWR,1988,141,35.3336,-119.0197
CDWR1002175,CDWR,1988,195,35.377,-119.0065
CDWR1002175,CDWR,1988,204.8,35.377,-119.0065
CDWR1002230,CDWR,1988,195,35.3336,-119.0466
CDWR1002230,CDWR,1988,214.4,35.3336,-119.0466
CDWR1002271,CDWR,1988,513,35.3947,-118.9862
CDWR1002271,CDWR,1988,524.8,35.3947,-118.9862
CDWR1002454,CDWR,1988,147.2,36.3315,-119.2741
CDWR1002454,CDWR,1988,153,36.3315,-119.2741
CDWR1002470,CDWR,1988,156.8,35.3842,-119.0377
CDWR1002470,CDWR,1988,163,35.3842,-119.0377
CDWR1002555,CDWR,1988,230,35.3445,-119.0288
CDWR1002555,CDWR,1988,240,35.3445,-119.0288
CDWR1002575,CDWR,1988,366.72,36.7319,-120.1465
CDWR1002575,CDWR,1988,373,36.7319,-120.1465
CDWR1002615,CDWR,1988,156,35.3458,-119.0348
CDWR1002615,CDWR,1988,163.2,35.3458,-119.0348
CDWR1002724,CDWR,1988,161,35.3192,-119.0244
CDWR1002724,CDWR,1988,166.4,35.3192,-119.0244
CDWR1002826,CDWR,1988,180,35.377,-119.0288
CDWR1002826,CDWR,1988,192,35.377,-119.0288
CDWR1003232,CDWR,1988,172.8,35.3878,-119.0153
CDWR1003232,CDWR,1988,179,35.3878,-119.0153
CDWR1003321,CDWR,1988,238,35.3445,-118.9931
CDWR1003321,CDWR,1988,256,35.3445,-118.9931
CDWR1003338,CDWR,1988,200,35.3264,-119.0689
CDWR1003338,CDWR,1988,204.8,35.3264,-119.0689
CDWR1003622,CDWR,1988,185,35.4167,-119.0912
CDWR1003622,CDWR,1988,198.4,35.4167,-119.0912
CDWR1003623,CDWR,1988,360,35.3553,-119.0867
CDWR1003623,CDWR,1988,371.2,35.3553,-119.0867
CDWR1003717,CDWR,1988,205,35.312,-119.0689
CDWR1003717,CDWR,1988,217.6,35.312,-119.0689
CDWR1003799,CDWR,1988,192,35.3481,-119.0422
CDWR1003799,CDWR,1988,203,35.3481,-119.0422
CDWR1003921,CDWR,1988,225,35.3372,-119.0153
CDWR1003921,CDWR,1988,230.4,35.3372,-119.0153
CDWR1003961,CDWR,1988,320,35.3987,-118.9752
CDWR1003961,CDWR,1988,340,35.3987,-118.9752
CDWR1004023,CDWR,1988,197,35.3409,-119.051
CDWR1004023,CDWR,1988,214.4,35.3409,-119.051
CDWR1004276,CDWR,1988,216,35.3192,-119.0197
CDWR1004276,CDWR,1988,230.4,35.3192,-119.0197
CDWR1004839,CDWR,1988,211.2,35.2311,-118.779
CDWR1004839,CDWR,1988,246,35.2311,-118.779
CDWR1004915,CDWR,1988,227.2,35.3228,-119.0109
CDWR1004915,CDWR,1988,229,35.3228,-119.0109
CDWR1005018,CDWR,1988,300,35.3372,-119.0332
CDWR1005018,CDWR,1988,300.8,35.3372,-119.0332
CDWR1005025,CDWR,1988,217.6,35.1422,-118.9304
CDWR1005025,CDWR,1988,251,35.1422,-118.9304
CDWR1005109,CDWR,1988,429,35.3625,-119.0244
CDWR1005109,CDWR,1988,499.2,35.3625,-119.0244
CDWR1005144,CDWR,1988,276,35.3481,-118.9975
CDWR1005144,CDWR,1988,294.4,35.3481,-118.9975
CDWR1005209,CDWR,1988,204,35.4095,-119.0555
CDWR1005209,CDWR,1988,224,35.4095,-119.0555
CDWR1005212,CDWR,1988,229,35.31,-119.1004
CDWR1005212,CDWR,1988,236.8,35.31,-119.1004
CDWR1005350,CDWR,1988,333,35.3517,-118.9931
CDWR1005350,CDWR,1988,358.4,35.3517,-118.9931
CDWR1005906,CDWR,1988,313.6,35.33,-119.0332
CDWR1005906,CDWR,1988,314,35.33,-119.0332
CDWR1007216,CDWR,1988,288,35.3517,-118.9975
CDWR1007216,CDWR,1988,300.8,35.3517,-118.9975
CDWR1007224,CDWR,1988,345,35.0658,-118.9776
CDWR1007224,CDWR,1988,352,35.0658,-118.9776
CDWR1007510,CDWR,1988,352,35.12,-118.869
CDWR1007510,CDWR,1988,433,35.12,-118.869
CDWR1009638,CDWR,1988,467.2,35.3616,-118.9323
CDWR1009638,CDWR,1988,506,35.3616,-118.9323
CDWR1009641,CDWR,1988,512,35.2672,-118.8434
CDWR1009641,CDWR,1988,643,35.2672,-118.8434
CDWR1000057,CDWR,1988,390.4,35.03465612,-118.8363062
CDWR1000057,CDWR,1988,445,35.03465612,-118.8363062
USGS1005979,USGS,1988,5900.8,36.83828258,-120.5248978
USGS1005979,USGS,1988,6592,36.83828258,-120.5248978
USGS1005979,USGS,1988,8660,36.83828258,-120.5248978
USGS1005979,USGS,1988,6656,36.83828258,-120.5248978
USGS1005979,USGS,1988,9520,36.83828258,-120.5248978
USGS1005979,USGS,1988,6720,36.83828258,-120.5248978
USGS1005979,USGS,1988,6784,36.83828258,-120.5248978
USGS1005979,USGS,1988,6656,36.83828258,-120.5248978
USGS1005979,USGS,1988,6720,36.83828258,-120.5248978
USGS1005979,USGS,1988,9080,36.83828258,-120.5248978
USGS1005979,USGS,1988,6784,36.83828258,-120.5248978
USGS1005979,USGS,1988,6528,36.83828258,-120.5248978
USGS1005979,USGS,1988,6656,36.83828258,-120.5248978
USGS1005979,USGS,1988,8740,36.83828258,-120.5248978
USGS1005979,USGS,1988,6784,36.83828258,-120.5248978
USGS1005979,USGS,1988,6528,36.83828258,-120.5248978
USGS1005979,USGS,1988,7040,36.83828258,-120.5248978
USGS1005979,USGS,1988,8900,36.83828258,-120.5248978
USGS1005979,USGS,1988,7040,36.83828258,-120.5248978
USGS1005979,USGS,1988,6400,36.83828258,-120.5248978
USGS1005979,USGS,1988,6848,36.83828258,-120.5248978
USGS1005979,USGS,1988,8750,36.83828258,-120.5248978
USGS1005979,USGS,1988,7040,36.83828258,-120.5248978
USGS1005979,USGS,1988,6592,36.83828258,-120.5248978
USGS1005979,USGS,1988,6720,36.83828258,-120.5248978
USGS1005979,USGS,1988,8690,36.83828258,-120.5248978
USGS1005979,USGS,1988,6976,36.83828258,-120.5248978
USGS1005979,USGS,1988,6528,36.83828258,-120.5248978
USGS1005979,USGS,1988,7040,36.83828258,-120.5248978
USGS1005979,USGS,1988,8820,36.83828258,-120.5248978
USGS1005979,USGS,1988,6720,36.83828258,-120.5248978
USGS1005979,USGS,1988,6464,36.83828258,-120.5248978
USGS1005979,USGS,1988,6656,36.83828258,-120.5248978
USGS1005979,USGS,1988,6720,36.83828258,-120.5248978
USGS1005979,USGS,1988,9010,36.83828258,-120.5248978
USGS1005979,USGS,1988,9060,36.83828258,-120.5248978
USGS1005979,USGS,1988,6144,36.83828258,-120.5248978
USGS1005979,USGS,1988,6720,36.83828258,-120.5248978
USGS1005979,USGS,1988,6784,36.83828258,-120.5248978
USGS1005979,USGS,1988,9050,36.83828258,-120.5248978
USGS1005979,USGS,1988,5868.8,36.83828258,-120.5248978
USGS1005979,USGS,1988,5939.2,36.83828258,-120.5248978
USGS1005979,USGS,1988,6169.6,36.83828258,-120.5248978
USGS1005979,USGS,1988,6272,36.83828258,-120.5248978
USGS1005979,USGS,1988,6329.6,36.83828258,-120.5248978
USGS1005979,USGS,1988,6348.8,36.83828258,-120.5248978
USGS1005979,USGS,1988,6784,36.83828258,-120.5248978
USGS1005979,USGS,1988,6848,36.83828258,-120.5248978
USGS1005979,USGS,1988,8110,36.83828258,-120.5248978
USGS1005979,USGS,1988,5388.8,36.83828258,-120.5248978
USGS1005979,USGS,1988,5408,36.83828258,-120.5248978
USGS1005979,USGS,1988,5491.2,36.83828258,-120.5248978
USGS1005979,USGS,1988,5542.4,36.83828258,-120.5248978
USGS1005979,USGS,1988,5548.8,36.83828258,-120.5248978
USGS1005979,USGS,1988,5600,36.83828258,-120.5248978
USGS1005979,USGS,1988,5843.2,36.83828258,-120.5248978
USGS1005979,USGS,1988,5913.6,36.83828258,-120.5248978
USGS1005979,USGS,1988,7300,36.83828258,-120.5248978
USGS1005979,USGS,1988,5587.2,36.83828258,-120.5248978
USGS1005979,USGS,1988,5939.2,36.83828258,-120.5248978
USGS1005979,USGS,1988,6016,36.83828258,-120.5248978
USGS1005979,USGS,1988,6054.4,36.83828258,-120.5248978
USGS1005979,USGS,1988,7640,36.83828258,-120.5248978
USGS1005979,USGS,1988,6323.2,36.83828258,-120.5248978
USGS1005979,USGS,1988,6336,36.83828258,-120.5248978
USGS1005979,USGS,1988,6355.2,36.83828258,-120.5248978
USGS1005979,USGS,1988,8630,36.83828258,-120.5248978
USGS1005979,USGS,1988,6464,36.83828258,-120.5248978
USGS1005979,USGS,1988,8540,36.83828258,-120.5248978
USGS1005979,USGS,1988,6528,36.83828258,-120.5248978
USGS1005979,USGS,1988,8650,36.83828258,-120.5248978
USGS1005979,USGS,1988,6528,36.83828258,-120.5248978
USGS1005979,USGS,1988,6592,36.83828258,-120.5248978
USGS1005979,USGS,1988,8810,36.83828258,-120.5248978
USGS1005979,USGS,1988,6528,36.83828258,-120.5248978
USGS1005979,USGS,1988,6592,36.83828258,-120.5248978
USGS1005979,USGS,1988,8890,36.83828258,-120.5248978
USGS1005979,USGS,1988,6656,36.83828258,-120.5248978
USGS1005979,USGS,1988,6784,36.83828258,-120.5248978
USGS1005979,USGS,1988,8890,36.83828258,-120.5248978
USGS1005979,USGS,1988,6464,36.83828258,-120.5248978
USGS1005979,USGS,1988,6656,36.83828258,-120.5248978
USGS1005979,USGS,1988,8570,36.83828258,-120.5248978
USGS1005979,USGS,1988,6528,36.83828258,-120.5248978
USGS1005979,USGS,1988,6656,36.83828258,-120.5248978
USGS1005979,USGS,1988,8910,36.83828258,-120.5248978
USGS1005979,USGS,1988,6400,36.83828258,-120.5248978
USGS1005979,USGS,1988,6656,36.83828258,-120.5248978
USGS1005979,USGS,1988,9010,36.83828258,-120.5248978
USGS1005979,USGS,1988,6592,36.83828258,-120.5248978
USGS1005979,USGS,1988,8720,36.83828258,-120.5248978
USGS1005979,USGS,1988,6592,36.83828258,-120.5248978
USGS1006896,USGS,1988,2886.4,35.70273919,-119.903468
USGS1006896,USGS,1988,2892.8,35.70273919,-119.903468
USGS1006896,USGS,1988,3040,35.70273919,-119.903468
USGS1006900,USGS,1988,2252.8,35.7032947,-119.903468
USGS1006900,USGS,1988,2342.4,35.7032947,-119.903468
USGS1006900,USGS,1988,2390,35.7032947,-119.903468
USGS1006928,USGS,1988,6208,35.72996039,-119.8501324
USGS1006928,USGS,1988,6310.4,35.72996039,-119.8501324
USGS1006928,USGS,1988,7710,35.72996039,-119.8501324
USGS1006929,USGS,1988,1811.2,35.73023817,-119.8501324
USGS1006929,USGS,1988,1875.2,35.73023817,-119.8501324
USGS1006929,USGS,1988,2230,35.73023817,-119.8501324
USGS1006931,USGS,1988,2233.6,35.73051594,-119.8501324
USGS1006931,USGS,1988,2246.4,35.73051594,-119.8501324
USGS1006931,USGS,1988,2400,35.73051594,-119.8501324
USGS1006932,USGS,1988,2660,35.7307937,-119.8501324
USGS1006932,USGS,1988,3084.8,35.7307937,-119.8501324
USGS1006932,USGS,1988,3116.8,35.7307937,-119.8501324
USGS1006963,USGS,1988,5152,35.75968148,-119.796519
USGS1006963,USGS,1988,7030,35.75968148,-119.796519
USGS1006965,USGS,1988,3763.2,35.760237,-119.796519
USGS1006965,USGS,1988,4064,35.760237,-119.796519
USGS1006965,USGS,1988,4410,35.760237,-119.796519
USGS1006966,USGS,1988,2579.2,35.76051479,-119.796519
USGS1006966,USGS,1988,2643.2,35.76051479,-119.796519
USGS1006966,USGS,1988,3060,35.76051479,-119.796519
USGS1007892,USGS,1988,3008,36.645506,-120.424888
USGS1007892,USGS,1988,3033.6,36.645506,-120.424888
USGS1007892,USGS,1988,4270,36.645506,-120.424888
USGS1007893,USGS,1988,1043.2,36.645506,-120.4251658
USGS1007893,USGS,1988,1056,36.645506,-120.4251658
USGS1007893,USGS,1988,1230,36.645506,-120.4251658
USGS1007895,USGS,1988,1587.2,36.645506,-120.4254436
USGS1007895,USGS,1988,2010,36.645506,-120.4254436
USGS1007902,USGS,1988,736,36.64689519,-120.5226696
USGS1007905,USGS,1988,896,36.64717297,-120.5226696
USGS1007905,USGS,1988,947.2,36.64717297,-120.5226696
USGS1007905,USGS,1988,1030,36.64717297,-120.5226696
USGS1007906,USGS,1988,1772.8,36.64717297,-120.5226696
USGS1007906,USGS,1988,1990.4,36.64717297,-120.5226696
USGS1007906,USGS,1988,2560,36.64717297,-120.5226696
USGS1007910,USGS,1988,940.8,36.648006,-120.4379442
USGS1007910,USGS,1988,1024,36.648006,-120.4379442
USGS1007910,USGS,1988,1070,36.648006,-120.4379442
USGS1007921,USGS,1988,9024,36.65050595,-120.4079432
USGS1007921,USGS,1988,9280,36.65050595,-120.4079432
USGS1007921,USGS,1988,12900,36.65050595,-120.4079432
USGS1007923,USGS,1988,6784,36.65050595,-120.4079432
USGS1007923,USGS,1988,7104,36.65050595,-120.4079432
USGS1007923,USGS,1988,9380,36.65050595,-120.4079432
USGS1007924,USGS,1988,10176,36.65050595,-120.4079432
USGS1007924,USGS,1988,10496,36.65050595,-120.4079432
USGS1007924,USGS,1988,14600,36.65050595,-120.4079432
USGS1007927,USGS,1988,10368,36.65050595,-120.4079432
USGS1007927,USGS,1988,11200,36.65050595,-120.4079432
USGS1007927,USGS,1988,12500,36.65050595,-120.4079432
USGS1007928,USGS,1988,4492.8,36.65050595,-120.4079432
USGS1007928,USGS,1988,4710.4,36.65050595,-120.4079432
USGS1007928,USGS,1988,6170,36.65050595,-120.4079432
USGS1007939,USGS,1988,7936,36.65050595,-120.4079432
USGS1007939,USGS,1988,8256,36.65050595,-120.4079432
USGS1007939,USGS,1988,10600,36.65050595,-120.4079432
USGS1007940,USGS,1988,9856,36.65050595,-120.4079432
USGS1007940,USGS,1988,10240,36.65050595,-120.4079432
USGS1007940,USGS,1988,13900,36.65050595,-120.4079432
USGS1007941,USGS,1988,13632,36.65050595,-120.4079432
USGS1007941,USGS,1988,14208,36.65050595,-120.4079432
USGS1007941,USGS,1988,18900,36.65050595,-120.4079432
USGS1007942,USGS,1988,9024,36.65050595,-120.4079432
USGS1007942,USGS,1988,9408,36.65050595,-120.4079432
USGS1007942,USGS,1988,12100,36.65050595,-120.4079432
USGS1007962,USGS,1988,13056,36.65050595,-120.4079432
USGS1007962,USGS,1988,14720,36.65050595,-120.4079432
USGS1007962,USGS,1988,18100,36.65050595,-120.4079432
USGS1007963,USGS,1988,3808,36.65050595,-120.4079432
USGS1007963,USGS,1988,5280,36.65050595,-120.4079432
USGS1007963,USGS,1988,7270,36.65050595,-120.4079432
USGS1007965,USGS,1988,14144,36.65050595,-120.4079432
USGS1007965,USGS,1988,14656,36.65050595,-120.4079432
USGS1007965,USGS,1988,19100,36.65050595,-120.4079432
USGS1007980,USGS,1988,4780.8,36.65161708,-120.4137767
USGS1007980,USGS,1988,4787.2,36.65161708,-120.4137767
USGS1007980,USGS,1988,6350,36.65161708,-120.4137767
USGS1007984,USGS,1988,5964.8,36.65161708,-120.4137767
USGS1007984,USGS,1988,6227.2,36.65161708,-120.4137767
USGS1007984,USGS,1988,8390,36.65161708,-120.4137767
USGS1007985,USGS,1988,6156.8,36.65161708,-120.4137767
USGS1007985,USGS,1988,6464,36.65161708,-120.4137767
USGS1007985,USGS,1988,8220,36.65161708,-120.4137767
USGS1007986,USGS,1988,7040,36.65161708,-120.4137767
USGS1007986,USGS,1988,7488,36.65161708,-120.4137767
USGS1007986,USGS,1988,10700,36.65161708,-120.4137767
USGS1007987,USGS,1988,10304,36.65161708,-120.4137767
USGS1007987,USGS,1988,11520,36.65161708,-120.4137767
USGS1007987,USGS,1988,15700,36.65161708,-120.4137767
USGS1007988,USGS,1988,12544,36.65161708,-120.4137767
USGS1007988,USGS,1988,12672,36.65161708,-120.4137767
USGS1007988,USGS,1988,19600,36.65161708,-120.4137767
USGS1007989,USGS,1988,6528,36.65161708,-120.4137767
USGS1007989,USGS,1988,6720,36.65161708,-120.4137767
USGS1007989,USGS,1988,9400,36.65161708,-120.4137767
USGS1007990,USGS,1988,4524.8,36.65161708,-120.4137767
USGS1007990,USGS,1988,4742.4,36.65161708,-120.4137767
USGS1007990,USGS,1988,6420,36.65161708,-120.4137767
USGS1007991,USGS,1988,9152,36.65161708,-120.4137767
USGS1007991,USGS,1988,9344,36.65161708,-120.4137767
USGS1007991,USGS,1988,13100,36.65161708,-120.4137767
USGS1007992,USGS,1988,6278.4,36.65161708,-120.4137767
USGS1007992,USGS,1988,6656,36.65161708,-120.4137767
USGS1007992,USGS,1988,8230,36.65161708,-120.4137767
USGS1008005,USGS,1988,8320,36.65411706,-120.4065543
USGS1008005,USGS,1988,9780,36.65411706,-120.4065543
USGS1008005,USGS,1988,8512,36.65411706,-120.4065543
USGS1008005,USGS,1988,10200,36.65411706,-120.4065543
USGS1008005,USGS,1988,6656,36.65411706,-120.4065543
USGS1008005,USGS,1988,6720,36.65411706,-120.4065543
USGS1008005,USGS,1988,8010,36.65411706,-120.4065543
USGS1008005,USGS,1988,6912,36.65411706,-120.4065543
USGS1008005,USGS,1988,8840,36.65411706,-120.4065543
USGS1008005,USGS,1988,4652.8,36.65411706,-120.4065543
USGS1008005,USGS,1988,6656,36.65411706,-120.4065543
USGS1008005,USGS,1988,4716.8,36.65411706,-120.4065543
USGS1008005,USGS,1988,4780.8,36.65411706,-120.4065543
USGS1008005,USGS,1988,6510,36.65411706,-120.4065543
USGS1008005,USGS,1988,4588.8,36.65411706,-120.4065543
USGS1008005,USGS,1988,4537.6,36.65411706,-120.4065543
USGS1008005,USGS,1988,4588.8,36.65411706,-120.4065543
USGS1008005,USGS,1988,6080,36.65411706,-120.4065543
USGS1008005,USGS,1988,4377.6,36.65411706,-120.4065543
USGS1008005,USGS,1988,8832,36.65411706,-120.4065543
USGS1008005,USGS,1988,9216,36.65411706,-120.4065543
USGS1008005,USGS,1988,11300,36.65411706,-120.4065543
USGS1008005,USGS,1988,7744,36.65411706,-120.4065543
USGS1008068,USGS,1988,3692.8,36.69078406,-120.5126705
USGS1008068,USGS,1988,3808,36.69078406,-120.5126705
USGS1008068,USGS,1988,5390,36.69078406,-120.5126705
USGS1008069,USGS,1988,2252.8,36.69078406,-120.5126705
USGS1008069,USGS,1988,2534.4,36.69078406,-120.5126705
USGS1008069,USGS,1988,3350,36.69078406,-120.5126705
USGS1008073,USGS,1988,1651.2,36.69078407,-120.5135039
USGS1008073,USGS,1988,1779.2,36.69078407,-120.5135039
USGS1008073,USGS,1988,2240,36.69078407,-120.5135039
USGS1008131,USGS,1988,5420.8,36.73444444,-120.4234722
USGS1008132,USGS,1988,1708.8,36.73444444,-120.4240278
USGS1008132,USGS,1988,1747.2,36.73444444,-120.4240278
USGS1008132,USGS,1988,2250,36.73444444,-120.4240278
USGS1008133,USGS,1988,2848,36.73444444,-120.4238889
USGS1008133,USGS,1988,2867.2,36.73444444,-120.4238889
USGS1008133,USGS,1988,3040,36.73444444,-120.4238889
USGS1008203,USGS,1988,1024,36.77745026,-120.5490635
USGS1008203,USGS,1988,1043.2,36.77745026,-120.5490635
USGS1008203,USGS,1988,1170,36.77745026,-120.5490635
USGS1008310,USGS,1988,2284.8,36.8368937,-120.5268422
USGS1008310,USGS,1988,2329.6,36.8368937,-120.5268422
USGS1008310,USGS,1988,2990,36.8368937,-120.5268422
USGS1008331,USGS,1988,5811.2,36.83828258,-120.5248978
USGS1008331,USGS,1988,5830.4,36.83828258,-120.5248978
USGS1008331,USGS,1988,5312,36.83828258,-120.5248978
USGS1008331,USGS,1988,5619.2,36.83828258,-120.5248978
USGS1008331,USGS,1988,7190,36.83828258,-120.5248978
USGS1008331,USGS,1988,5600,36.83828258,-120.5248978
USGS1008331,USGS,1988,5625.6,36.83828258,-120.5248978
USGS1008331,USGS,1988,5676.8,36.83828258,-120.5248978
USGS1008331,USGS,1988,5721.6,36.83828258,-120.5248978
USGS1008331,USGS,1988,6900,36.83828258,-120.5248978
USGS1008331,USGS,1988,5798.4,36.83828258,-120.5248978
USGS1008331,USGS,1988,5766.4,36.83828258,-120.5248978
USGS1008331,USGS,1988,5644.8,36.83828258,-120.5248978
USGS1008331,USGS,1988,5760,36.83828258,-120.5248978
USGS1008331,USGS,1988,7440,36.83828258,-120.5248978
USGS1008331,USGS,1988,5542.4,36.83828258,-120.5248978
USGS1008331,USGS,1988,5452.8,36.83828258,-120.5248978
USGS1008331,USGS,1988,7040,36.83828258,-120.5248978
USGS1008331,USGS,1988,5305.6,36.83828258,-120.5248978
USGS1008331,USGS,1988,5414.4,36.83828258,-120.5248978
USGS1008331,USGS,1988,6028.8,36.83828258,-120.5248978
USGS1008331,USGS,1988,7340,36.83828258,-120.5248978
USGS1008331,USGS,1988,5939.2,36.83828258,-120.5248978
USGS1008331,USGS,1988,5504,36.83828258,-120.5248978
USGS1008331,USGS,1988,5926.4,36.83828258,-120.5248978
USGS1008331,USGS,1988,7550,36.83828258,-120.5248978
USGS1008331,USGS,1988,5913.6,36.83828258,-120.5248978
USGS1008331,USGS,1988,5734.4,36.83828258,-120.5248978
USGS1008331,USGS,1988,6246.4,36.83828258,-120.5248978
USGS1008331,USGS,1988,5580.8,36.83828258,-120.5248978
USGS1008331,USGS,1988,5875.2,36.83828258,-120.5248978
USGS1008331,USGS,1988,7490,36.83828258,-120.5248978
USGS1008331,USGS,1988,5952,36.83828258,-120.5248978
USGS1008331,USGS,1988,5446.4,36.83828258,-120.5248978
USGS1008331,USGS,1988,3923.2,36.83828258,-120.5248978
USGS1008331,USGS,1988,4038.4,36.83828258,-120.5248978
USGS1008331,USGS,1988,4377.6,36.83828258,-120.5248978
USGS1008331,USGS,1988,4890,36.83828258,-120.5248978
USGS1008331,USGS,1988,5504,36.83828258,-120.5248978
USGS1008331,USGS,1988,5600,36.83828258,-120.5248978
USGS1008331,USGS,1988,5689.6,36.83828258,-120.5248978
USGS1008331,USGS,1988,7270,36.83828258,-120.5248978
USGS1008331,USGS,1988,3539.2,36.83828258,-120.5248978
USGS1008331,USGS,1988,3635.2,36.83828258,-120.5248978
USGS1008331,USGS,1988,3667.2,36.83828258,-120.5248978
USGS1008331,USGS,1988,3769.6,36.83828258,-120.5248978
USGS1008331,USGS,1988,3852.8,36.83828258,-120.5248978
USGS1008331,USGS,1988,3936,36.83828258,-120.5248978
USGS1008331,USGS,1988,3980.8,36.83828258,-120.5248978
USGS1008331,USGS,1988,4032,36.83828258,-120.5248978
USGS1008331,USGS,1988,4057.6,36.83828258,-120.5248978
USGS1008331,USGS,1988,4108.8,36.83828258,-120.5248978
USGS1008331,USGS,1988,4840,36.83828258,-120.5248978
USGS1008331,USGS,1988,4850,36.83828258,-120.5248978
USGS1008331,USGS,1988,4032,36.83828258,-120.5248978
USGS1008331,USGS,1988,4121.6,36.83828258,-120.5248978
USGS1008331,USGS,1988,4134.4,36.83828258,-120.5248978
USGS1008331,USGS,1988,4166.4,36.83828258,-120.5248978
USGS1008331,USGS,1988,4352,36.83828258,-120.5248978
USGS1008331,USGS,1988,4947.2,36.83828258,-120.5248978
USGS1008331,USGS,1988,4990,36.83828258,-120.5248978
USGS1008331,USGS,1988,5024,36.83828258,-120.5248978
USGS1008331,USGS,1988,6210,36.83828258,-120.5248978
USGS1008331,USGS,1988,5209.6,36.83828258,-120.5248978
USGS1008331,USGS,1988,5235.2,36.83828258,-120.5248978
USGS1008331,USGS,1988,5248,36.83828258,-120.5248978
USGS1008331,USGS,1988,5280,36.83828258,-120.5248978
USGS1008331,USGS,1988,5382.4,36.83828258,-120.5248978
USGS1008331,USGS,1988,5395.2,36.83828258,-120.5248978
USGS1008331,USGS,1988,5433.6,36.83828258,-120.5248978
USGS1008331,USGS,1988,6780,36.83828258,-120.5248978
USGS1008331,USGS,1988,5779.2,36.83828258,-120.5248978
USGS1008331,USGS,1988,5785.6,36.83828258,-120.5248978
USGS1008331,USGS,1988,5984,36.83828258,-120.5248978
USGS1008331,USGS,1988,7480,36.83828258,-120.5248978
USGS1008331,USGS,1988,5248,36.83828258,-120.5248978
USGS1008331,USGS,1988,5382.4,36.83828258,-120.5248978
USGS1008331,USGS,1988,5670.4,36.83828258,-120.5248978
USGS1008331,USGS,1988,5702.4,36.83828258,-120.5248978
USGS1008331,USGS,1988,7510,36.83828258,-120.5248978
USGS1008331,USGS,1988,5945.6,36.83828258,-120.5248978
USGS1008331,USGS,1988,5977.6,36.83828258,-120.5248978
USGS1008331,USGS,1988,5990.4,36.83828258,-120.5248978
USGS1008331,USGS,1988,7890,36.83828258,-120.5248978
USGS1008331,USGS,1988,5766.4,36.83828258,-120.5248978
USGS1008331,USGS,1988,5772.8,36.83828258,-120.5248978
USGS1008331,USGS,1988,7550,36.83828258,-120.5248978
USGS1008331,USGS,1988,5977.6,36.83828258,-120.5248978
USGS1008331,USGS,1988,5984,36.83828258,-120.5248978
USGS1008331,USGS,1988,7830,36.83828258,-120.5248978
USGS1008331,USGS,1988,6105.6,36.83828258,-120.5248978
USGS1008331,USGS,1988,6150.4,36.83828258,-120.5248978
USGS1008331,USGS,1988,8260,36.83828258,-120.5248978
USGS1008331,USGS,1988,6361.6,36.83828258,-120.5248978
USGS1008331,USGS,1988,6464,36.83828258,-120.5248978
USGS1008331,USGS,1988,8570,36.83828258,-120.5248978
USGS1008331,USGS,1988,6278.4,36.83828258,-120.5248978
USGS1008331,USGS,1988,6355.2,36.83828258,-120.5248978
USGS1008331,USGS,1988,8500,36.83828258,-120.5248978
USGS1008331,USGS,1988,6003.2,36.83828258,-120.5248978
USGS1008331,USGS,1988,6099.2,36.83828258,-120.5248978
USGS1008331,USGS,1988,8270,36.83828258,-120.5248978
USGS1008331,USGS,1988,6137.6,36.83828258,-120.5248978
USGS1008331,USGS,1988,6304,36.83828258,-120.5248978
USGS1008331,USGS,1988,8690,36.83828258,-120.5248978
USGS1008331,USGS,1988,5996.8,36.83828258,-120.5248978
USGS1008331,USGS,1988,6028.8,36.83828258,-120.5248978
USGS1008331,USGS,1988,7990,36.83828258,-120.5248978
USGS1008331,USGS,1988,5747.2,36.83828258,-120.5248978
USGS1008332,USGS,1988,6848,36.83828258,-120.5248978
USGS1008332,USGS,1988,7040,36.83828258,-120.5248978
USGS1008332,USGS,1988,8980,36.83828258,-120.5248978
USGS1008333,USGS,1988,7232,36.83828258,-120.5248978
USGS1008333,USGS,1988,7936,36.83828258,-120.5248978
USGS1008333,USGS,1988,9720,36.83828258,-120.5248978
USGS1008334,USGS,1988,6784,36.83828258,-120.5248978
USGS1008334,USGS,1988,7360,36.83828258,-120.5248978
USGS1008334,USGS,1988,9630,36.83828258,-120.5248978
USGS1008335,USGS,1988,4569.6,36.83828258,-120.5248978
USGS1008335,USGS,1988,4736,36.83828258,-120.5248978
USGS1008335,USGS,1988,6650,36.83828258,-120.5248978
USGS1008336,USGS,1988,5824,36.83828258,-120.5248978
USGS1008336,USGS,1988,6105.6,36.83828258,-120.5248978
USGS1008336,USGS,1988,8100,36.83828258,-120.5248978
USGS1008337,USGS,1988,7168,36.83828258,-120.5248978
USGS1008337,USGS,1988,7616,36.83828258,-120.5248978
USGS1008337,USGS,1988,9760,36.83828258,-120.5248978
USGS1008338,USGS,1988,6976,36.83828258,-120.5248978
USGS1008338,USGS,1988,7296,36.83828258,-120.5248978
USGS1008338,USGS,1988,1e4,36.83828258,-120.5248978
USGS1008339,USGS,1988,4992,36.83828258,-120.5248978
USGS1008339,USGS,1988,5324.8,36.83828258,-120.5248978
USGS1008339,USGS,1988,7190,36.83828258,-120.5248978
USGS1008340,USGS,1988,6976,36.83828258,-120.5248978
USGS1008340,USGS,1988,7552,36.83828258,-120.5248978
USGS1008340,USGS,1988,9600,36.83828258,-120.5248978
USGS1008341,USGS,1988,5273.6,36.83828258,-120.5248978
USGS1008341,USGS,1988,5619.2,36.83828258,-120.5248978
USGS1008341,USGS,1988,6950,36.83828258,-120.5248978
USGS1008342,USGS,1988,7040,36.83828258,-120.5248978
USGS1008342,USGS,1988,7680,36.83828258,-120.5248978
USGS1008342,USGS,1988,8620,36.83828258,-120.5248978
USGS1008343,USGS,1988,5497.6,36.83828258,-120.5248978
USGS1008343,USGS,1988,5542.4,36.83828258,-120.5248978
USGS1008343,USGS,1988,8100,36.83828258,-120.5248978
USGS1008344,USGS,1988,3584,36.83828258,-120.5248978
USGS1008344,USGS,1988,3635.2,36.83828258,-120.5248978
USGS1008344,USGS,1988,4750,36.83828258,-120.5248978
USGS1008345,USGS,1988,3404.8,36.83828258,-120.5248978
USGS1008345,USGS,1988,3673.6,36.83828258,-120.5248978
USGS1008345,USGS,1988,4730,36.83828258,-120.5248978
USGS1008346,USGS,1988,6656,36.83828258,-120.5248978
USGS1008346,USGS,1988,6784,36.83828258,-120.5248978
USGS1008346,USGS,1988,8450,36.83828258,-120.5248978
USGS1008347,USGS,1988,6041.6,36.83828258,-120.5248978
USGS1008347,USGS,1988,6400,36.83828258,-120.5248978
USGS1008347,USGS,1988,8180,36.83828258,-120.5248978
USGS1008348,USGS,1988,3174.4,36.83828258,-120.5248978
USGS1008348,USGS,1988,3328,36.83828258,-120.5248978
USGS1008348,USGS,1988,4370,36.83828258,-120.5248978
USGS1008349,USGS,1988,5209.6,36.83828258,-120.5248978
USGS1008349,USGS,1988,5619.2,36.83828258,-120.5248978
USGS1008349,USGS,1988,7230,36.83828258,-120.5248978
USGS1008349,USGS,1988,5728,36.83828258,-120.5248978
USGS1008349,USGS,1988,5740.8,36.83828258,-120.5248978
USGS1008349,USGS,1988,7110,36.83828258,-120.5248978
USGS1008349,USGS,1988,5766.4,36.83828258,-120.5248978
USGS1008349,USGS,1988,5696,36.83828258,-120.5248978
USGS1008349,USGS,1988,5779.2,36.83828258,-120.5248978
USGS1008349,USGS,1988,5785.6,36.83828258,-120.5248978
USGS1008349,USGS,1988,7480,36.83828258,-120.5248978
USGS1008349,USGS,1988,5875.2,36.83828258,-120.5248978
USGS1008349,USGS,1988,5932.8,36.83828258,-120.5248978
USGS1008349,USGS,1988,5971.2,36.83828258,-120.5248978
USGS1008349,USGS,1988,7670,36.83828258,-120.5248978
USGS1008349,USGS,1988,7424,36.83828258,-120.5248978
USGS1008349,USGS,1988,5286.4,36.83828258,-120.5248978
USGS1008349,USGS,1988,5401.6,36.83828258,-120.5248978
USGS1008349,USGS,1988,7300,36.83828258,-120.5248978
USGS1008349,USGS,1988,5875.2,36.83828258,-120.5248978
USGS1008349,USGS,1988,5516.8,36.83828258,-120.5248978
USGS1008349,USGS,1988,5894.4,36.83828258,-120.5248978
USGS1008349,USGS,1988,7450,36.83828258,-120.5248978
USGS1008349,USGS,1988,5888,36.83828258,-120.5248978
USGS1008349,USGS,1988,5670.4,36.83828258,-120.5248978
USGS1008349,USGS,1988,5747.2,36.83828258,-120.5248978
USGS1008349,USGS,1988,6920,36.83828258,-120.5248978
USGS1008349,USGS,1988,5804.8,36.83828258,-120.5248978
USGS1008349,USGS,1988,5702.4,36.83828258,-120.5248978
USGS1008349,USGS,1988,6220.8,36.83828258,-120.5248978
USGS1008349,USGS,1988,7780,36.83828258,-120.5248978
USGS1008349,USGS,1988,3545.6,36.83828258,-120.5248978
USGS1008349,USGS,1988,3596.8,36.83828258,-120.5248978
USGS1008349,USGS,1988,3808,36.83828258,-120.5248978
USGS1008349,USGS,1988,4300.8,36.83828258,-120.5248978
USGS1008349,USGS,1988,4790,36.83828258,-120.5248978
USGS1008349,USGS,1988,3462.4,36.83828258,-120.5248978
USGS1008349,USGS,1988,3488,36.83828258,-120.5248978
USGS1008349,USGS,1988,3507.2,36.83828258,-120.5248978
USGS1008349,USGS,1988,3577.6,36.83828258,-120.5248978
USGS1008349,USGS,1988,3616,36.83828258,-120.5248978
USGS1008349,USGS,1988,3628.8,36.83828258,-120.5248978
USGS1008349,USGS,1988,3667.2,36.83828258,-120.5248978
USGS1008349,USGS,1988,3750.4,36.83828258,-120.5248978
USGS1008349,USGS,1988,3814.4,36.83828258,-120.5248978
USGS1008349,USGS,1988,3872,36.83828258,-120.5248978
USGS1008349,USGS,1988,3929.6,36.83828258,-120.5248978
USGS1008349,USGS,1988,4240,36.83828258,-120.5248978
USGS1008349,USGS,1988,4420,36.83828258,-120.5248978
USGS1008349,USGS,1988,3603.2,36.83828258,-120.5248978
USGS1008349,USGS,1988,3609.6,36.83828258,-120.5248978
USGS1008349,USGS,1988,3622.4,36.83828258,-120.5248978
USGS1008349,USGS,1988,3635.2,36.83828258,-120.5248978
USGS1008349,USGS,1988,3641.6,36.83828258,-120.5248978
USGS1008349,USGS,1988,3769.6,36.83828258,-120.5248978
USGS1008349,USGS,1988,3846.4,36.83828258,-120.5248978
USGS1008349,USGS,1988,3974.4,36.83828258,-120.5248978
USGS1008349,USGS,1988,4115.2,36.83828258,-120.5248978
USGS1008349,USGS,1988,4470,36.83828258,-120.5248978
USGS1008349,USGS,1988,5170,36.83828258,-120.5248978
USGS1008349,USGS,1988,4601.6,36.83828258,-120.5248978
USGS1008349,USGS,1988,4710.4,36.83828258,-120.5248978
USGS1008349,USGS,1988,4787.2,36.83828258,-120.5248978
USGS1008349,USGS,1988,5094.4,36.83828258,-120.5248978
USGS1008349,USGS,1988,6140,36.83828258,-120.5248978
USGS1008349,USGS,1988,5222.4,36.83828258,-120.5248978
USGS1008349,USGS,1988,5254.4,36.83828258,-120.5248978
USGS1008349,USGS,1988,7e3,36.83828258,-120.5248978
USGS1008349,USGS,1988,5356.8,36.83828258,-120.5248978
USGS1008349,USGS,1988,5388.8,36.83828258,-120.5248978
USGS1008349,USGS,1988,7030,36.83828258,-120.5248978
USGS1008349,USGS,1988,5452.8,36.83828258,-120.5248978
USGS1008349,USGS,1988,5459.2,36.83828258,-120.5248978
USGS1008349,USGS,1988,7200,36.83828258,-120.5248978
USGS1008349,USGS,1988,5465.6,36.83828258,-120.5248978
USGS1008349,USGS,1988,5504,36.83828258,-120.5248978
USGS1008349,USGS,1988,7050,36.83828258,-120.5248978
USGS1008349,USGS,1988,5510.4,36.83828258,-120.5248978
USGS1008349,USGS,1988,5536,36.83828258,-120.5248978
USGS1008349,USGS,1988,7370,36.83828258,-120.5248978
USGS1008349,USGS,1988,5568,36.83828258,-120.5248978
USGS1008349,USGS,1988,7350,36.83828258,-120.5248978
USGS1008349,USGS,1988,5644.8,36.83828258,-120.5248978
USGS1008349,USGS,1988,5945.6,36.83828258,-120.5248978
USGS1008349,USGS,1988,7590,36.83828258,-120.5248978
USGS1008349,USGS,1988,5497.6,36.83828258,-120.5248978
USGS1008349,USGS,1988,5683.2,36.83828258,-120.5248978
USGS1008349,USGS,1988,7480,36.83828258,-120.5248978
USGS1008349,USGS,1988,5619.2,36.83828258,-120.5248978
USGS1008349,USGS,1988,5689.6,36.83828258,-120.5248978
USGS1008349,USGS,1988,7680,36.83828258,-120.5248978
USGS1008349,USGS,1988,5484.8,36.83828258,-120.5248978
USGS1008349,USGS,1988,5670.4,36.83828258,-120.5248978
USGS1008349,USGS,1988,7680,36.83828258,-120.5248978
USGS1008349,USGS,1988,5580.8,36.83828258,-120.5248978
USGS1008349,USGS,1988,5632,36.83828258,-120.5248978
USGS1008349,USGS,1988,7490,36.83828258,-120.5248978
USGS1008349,USGS,1988,5388.8,36.83828258,-120.5248978
USGS1009344,USGS,1988,1068.8,35.7610703,-119.7956856
USGS1009344,USGS,1988,1113.6,35.7610703,-119.7956856
USGS1010169,USGS,1988,10752,36.65050595,-120.4079432
USGS1010187,USGS,1988,3872,36.79300558,-120.4948953
USGS1010187,USGS,1988,3942.4,36.79300558,-120.4948953
USGS1010187,USGS,1988,3571.2,36.79300558,-120.4948953
USGS1010187,USGS,1988,4179.2,36.79300558,-120.4948953
USGS1010187,USGS,1988,2816,36.79300558,-120.4948953
USGS1010206,USGS,1988,4486.4,36.82189398,-120.5132302
USGS1010206,USGS,1988,5369.6,36.82189398,-120.5132302
USGS1010206,USGS,1988,5164.8,36.82189398,-120.5132302
USGS1010206,USGS,1988,5760,36.82189398,-120.5132302
USGS1010216,USGS,1988,3616,36.83550485,-120.5315646
USGS1010216,USGS,1988,3136,36.83550485,-120.5315646
USGS1010217,USGS,1988,3897.6,36.83550485,-120.5315646
USGS1010217,USGS,1988,2041.6,36.83550485,-120.5315646
USGS1010218,USGS,1988,6214.4,36.83550485,-120.5598989
USGS1010218,USGS,1988,6464,36.83550485,-120.5598989
USGS1010218,USGS,1988,6912,36.83550485,-120.5598989
USGS1010218,USGS,1988,6976,36.83550485,-120.5598989
USGS1010218,USGS,1988,7168,36.83550485,-120.5598989
USGS1010218,USGS,1988,5760,36.83550485,-120.5598989
USGS1010227,USGS,1988,2950.4,36.6927285,-120.5085038
USGS1010227,USGS,1988,7616,36.6927285,-120.5085038
USGS1010227,USGS,1988,3660.8,36.6927285,-120.5085038
USGS1010227,USGS,1988,2425.6,36.6927285,-120.5085038
